,BBDD,Recontrol,Cantidad,Porcentaje (%),var,Sector
0,B,B,830504,88.57,N_TM102,1
1,MC,MC,48594,5.18,N_TM102,1
2,D,B,28968,3.09,N_TM102,1
3,B,D,17946,1.91,N_TM102,1
4,D,D,5148,0.55,N_TM102,1
5,M,M,2901,0.31,N_TM102,1
6,MC,D,1792,0.19,N_TM102,1
7,B,M,1103,0.12,N_TM102,1
8,MC,M,326,0.03,N_TM102,1
9,D,M,242,0.03,N_TM102,1
10,M,D,66,0.01,N_TM102,1
11,M,B,60,0.01,N_TM102,1
0,B,B,799508,86.19,N_TM103,1
1,MC,MC,45064,4.86,N_TM103,1
2,D,B,24906,2.68,N_TM103,1
3,B,D,21778,2.35,N_TM103,1
4,B,M,21048,2.27,N_TM103,1
5,D,D,7285,0.79,N_TM103,1
6,M,M,4892,0.53,N_TM103,1
7,MC,D,1598,0.17,N_TM103,1
8,D,M,866,0.09,N_TM103,1
9,MC,M,523,0.06,N_TM103,1
10,M,D,98,0.01,N_TM103,1
11,M,B,71,0.01,N_TM103,1
0,B,B,735741,88.77,N_TM104,1
1,D,B,38820,4.68,N_TM104,1
2,B,D,17538,2.12,N_TM104,1
3,MC,MC,16271,1.96,N_TM104,1
4,B,M,8859,1.07,N_TM104,1
5,D,D,5526,0.67,N_TM104,1
6,M,M,4195,0.51,N_TM104,1
7,MC,D,905,0.11,N_TM104,1
8,MC,M,400,0.05,N_TM104,1
9,D,M,378,0.05,N_TM104,1
10,M,D,116,0.01,N_TM104,1
11,M,B,75,0.01,N_TM104,1
0,B,B,737959,89.69,N_TM105,1
1,D,B,25978,3.16,N_TM105,1
2,MC,MC,20766,2.52,N_TM105,1
3,B,D,15208,1.85,N_TM105,1
4,B,M,8422,1.02,N_TM105,1
5,M,M,7301,0.89,N_TM105,1
6,D,D,3552,0.43,N_TM105,1
7,D,M,1957,0.24,N_TM105,1
8,MC,D,755,0.09,N_TM105,1
9,MC,M,576,0.07,N_TM105,1
10,M,D,257,0.03,N_TM105,1
11,M,B,17,0.0,N_TM105,1
0,B,B,735434,89.21,N_TM106,1
1,D,B,29982,3.64,N_TM106,1
2,B,D,19001,2.3,N_TM106,1
3,MC,MC,15693,1.9,N_TM106,1
4,B,M,9792,1.19,N_TM106,1
5,M,M,6250,0.76,N_TM106,1
6,D,D,5526,0.67,N_TM106,1
7,MC,M,1039,0.13,N_TM106,1
8,MC,D,625,0.08,N_TM106,1
9,M,B,516,0.06,N_TM106,1
10,D,M,267,0.03,N_TM106,1
11,M,D,229,0.03,N_TM106,1
0,B,B,657561,92.17,N_TM107,1
1,B,D,15561,2.18,N_TM107,1
2,MC,MC,11567,1.62,N_TM107,1
3,D,B,11074,1.55,N_TM107,1
4,B,M,9962,1.4,N_TM107,1
5,D,D,5371,0.75,N_TM107,1
6,M,M,795,0.11,N_TM107,1
7,MC,D,625,0.09,N_TM107,1
8,MC,M,509,0.07,N_TM107,1
9,D,M,330,0.05,N_TM107,1
10,M,D,32,0.0,N_TM107,1
11,M,B,8,0.0,N_TM107,1
0,B,B,630570,88.7,N_TM108,1
1,B,M,27036,3.8,N_TM108,1
2,B,D,16534,2.33,N_TM108,1
3,MC,MC,15593,2.19,N_TM108,1
4,D,B,13706,1.93,N_TM108,1
5,D,D,4622,0.65,N_TM108,1
6,MC,M,1025,0.14,N_TM108,1
7,D,M,703,0.1,N_TM108,1
8,M,M,535,0.08,N_TM108,1
9,MC,D,518,0.07,N_TM108,1
10,M,B,22,0.0,N_TM108,1
11,M,D,11,0.0,N_TM108,1
0,B,B,630009,88.55,N_TM109,1
1,B,M,26155,3.68,N_TM109,1
2,B,D,19616,2.76,N_TM109,1
3,D,B,14984,2.11,N_TM109,1
4,MC,MC,9962,1.4,N_TM109,1
5,D,D,8022,1.13,N_TM109,1
6,D,M,925,0.13,N_TM109,1
7,MC,M,771,0.11,N_TM109,1
8,M,M,629,0.09,N_TM109,1
9,MC,D,336,0.05,N_TM109,1
10,M,D,18,0.0,N_TM109,1
11,M,B,9,0.0,N_TM109,1
0,B,B,1166942,99.05,N_PT101,1
1,MC,MC,11156,0.95,N_PT101,1
0,B,B,985103,99.03,N_PT102,1
1,MC,MC,9615,0.97,N_PT102,1
0,B,B,988439,99.0,N_PT103,1
1,MC,MC,9950,1.0,N_PT103,1
0,B,B,427879,91.57,N_TM102,2
1,MC,MC,15175,3.25,N_TM102,2
2,D,B,13555,2.9,N_TM102,2
3,B,D,6294,1.35,N_TM102,2
4,D,D,2266,0.48,N_TM102,2
5,M,M,1524,0.33,N_TM102,2
6,B,M,212,0.05,N_TM102,2
7,MC,D,169,0.04,N_TM102,2
8,MC,M,78,0.02,N_TM102,2
9,M,B,76,0.02,N_TM102,2
10,M,D,28,0.01,N_TM102,2
11,D,M,16,0.0,N_TM102,2
0,B,B,413646,88.35,N_TM103,2
1,MC,MC,16931,3.62,N_TM103,2
2,D,B,16466,3.52,N_TM103,2
3,B,D,9170,1.96,N_TM103,2
4,B,M,4971,1.06,N_TM103,2
5,D,D,4382,0.94,N_TM103,2
6,M,M,1628,0.35,N_TM103,2
7,MC,D,687,0.15,N_TM103,2
8,D,M,125,0.03,N_TM103,2
9,MC,M,92,0.02,N_TM103,2
10,M,B,44,0.01,N_TM103,2
11,M,D,38,0.01,N_TM103,2
0,B,B,354476,85.91,N_TM104,2
1,D,B,35815,8.68,N_TM104,2
2,B,D,7251,1.76,N_TM104,2
3,MC,MC,6353,1.54,N_TM104,2
4,D,D,3547,0.86,N_TM104,2
5,B,M,3285,0.8,N_TM104,2
6,M,M,1431,0.35,N_TM104,2
7,M,B,206,0.05,N_TM104,2
8,MC,D,123,0.03,N_TM104,2
9,D,M,53,0.01,N_TM104,2
10,M,D,46,0.01,N_TM104,2
11,MC,M,21,0.01,N_TM104,2
0,B,B,376780,92.21,N_TM105,2
1,D,B,12209,2.99,N_TM105,2
2,MC,MC,6257,1.53,N_TM105,2
3,B,D,5212,1.28,N_TM105,2
4,M,M,3378,0.83,N_TM105,2
5,B,M,3017,0.74,N_TM105,2
6,D,D,1283,0.31,N_TM105,2
7,D,M,253,0.06,N_TM105,2
8,M,D,77,0.02,N_TM105,2
9,MC,D,69,0.02,N_TM105,2
10,M,B,46,0.01,N_TM105,2
11,MC,M,21,0.01,N_TM105,2
0,B,B,358053,86.52,N_TM106,2
1,D,B,31087,7.51,N_TM106,2
2,B,D,7950,1.92,N_TM106,2
3,MC,MC,6474,1.56,N_TM106,2
4,D,D,4176,1.01,N_TM106,2
5,B,M,3229,0.78,N_TM106,2
6,M,M,2226,0.54,N_TM106,2
7,M,B,390,0.09,N_TM106,2
8,MC,D,89,0.02,N_TM106,2
9,M,D,80,0.02,N_TM106,2
10,D,M,72,0.02,N_TM106,2
11,MC,M,7,0.0,N_TM106,2
0,B,B,307765,90.56,N_TM107,2
1,D,B,8272,2.43,N_TM107,2
2,MC,MC,7684,2.26,N_TM107,2
3,B,D,6612,1.95,N_TM107,2
4,B,M,5121,1.51,N_TM107,2
5,D,D,3360,0.99,N_TM107,2
6,M,M,573,0.17,N_TM107,2
7,MC,D,164,0.05,N_TM107,2
8,M,B,118,0.03,N_TM107,2
9,D,M,110,0.03,N_TM107,2
10,MC,M,42,0.01,N_TM107,2
11,M,D,17,0.01,N_TM107,2
0,B,B,302480,89.94,N_TM108,2
1,B,M,11481,3.41,N_TM108,2
2,MC,MC,7775,2.31,N_TM108,2
3,D,B,6165,1.83,N_TM108,2
4,B,D,5593,1.66,N_TM108,2
5,D,D,2080,0.62,N_TM108,2
6,D,M,360,0.11,N_TM108,2
7,M,M,253,0.08,N_TM108,2
8,MC,D,80,0.02,N_TM108,2
9,MC,M,36,0.01,N_TM108,2
10,M,B,20,0.01,N_TM108,2
11,M,D,8,0.0,N_TM108,2
0,B,B,300491,88.45,N_TM109,2
1,B,M,10247,3.02,N_TM109,2
2,D,B,8868,2.61,N_TM109,2
3,MC,MC,7721,2.27,N_TM109,2
4,B,D,7463,2.2,N_TM109,2
5,D,D,4105,1.21,N_TM109,2
6,M,M,353,0.1,N_TM109,2
7,D,M,266,0.08,N_TM109,2
8,MC,D,116,0.03,N_TM109,2
9,MC,M,57,0.02,N_TM109,2
10,M,B,29,0.01,N_TM109,2
11,M,D,11,0.0,N_TM109,2
0,B,B,443315,98.22,N_PT101,2
1,MC,MC,8046,1.78,N_PT101,2
0,B,B,351949,99.95,N_PT102,2
1,MC,MC,160,0.05,N_PT102,2
0,B,B,364746,99.96,N_PT103,2
1,MC,MC,156,0.04,N_PT103,2
0,B,B,523183,92.52,N_TM102,3
1,D,B,18410,3.26,N_TM102,3
2,B,D,8729,1.54,N_TM102,3
3,MC,MC,7843,1.39,N_TM102,3
4,D,D,3469,0.61,N_TM102,3
5,M,M,2719,0.48,N_TM102,3
6,MC,D,588,0.1,N_TM102,3
7,B,M,213,0.04,N_TM102,3
8,D,M,114,0.02,N_TM102,3
9,MC,M,85,0.02,N_TM102,3
10,M,B,67,0.01,N_TM102,3
11,M,D,62,0.01,N_TM102,3
0,B,B,491169,87.16,N_TM103,3
1,D,B,28754,5.1,N_TM103,3
2,MC,MC,22559,4.0,N_TM103,3
3,B,D,8249,1.46,N_TM103,3
4,D,D,4921,0.87,N_TM103,3
5,M,M,3880,0.69,N_TM103,3
6,B,M,2717,0.48,N_TM103,3
7,MC,D,716,0.13,N_TM103,3
8,D,M,255,0.05,N_TM103,3
9,MC,M,167,0.03,N_TM103,3
10,M,B,95,0.02,N_TM103,3
11,M,D,70,0.01,N_TM103,3
0,B,B,415772,82.83,N_TM104,3
1,D,B,66231,13.19,N_TM104,3
2,MC,MC,6621,1.32,N_TM104,3
3,B,D,5662,1.13,N_TM104,3
4,D,D,3225,0.64,N_TM104,3
5,M,M,2405,0.48,N_TM104,3
6,B,M,1377,0.27,N_TM104,3
7,M,B,231,0.05,N_TM104,3
8,MC,D,200,0.04,N_TM104,3
9,D,M,112,0.02,N_TM104,3
10,MC,M,90,0.02,N_TM104,3
11,M,D,28,0.01,N_TM104,3
0,B,B,459807,91.85,N_TM105,3
1,D,B,19509,3.9,N_TM105,3
2,MC,MC,6461,1.29,N_TM105,3
3,B,D,6171,1.23,N_TM105,3
4,M,M,4057,0.81,N_TM105,3
5,B,M,1744,0.35,N_TM105,3
6,D,D,1699,0.34,N_TM105,3
7,D,M,683,0.14,N_TM105,3
8,MC,M,175,0.03,N_TM105,3
9,MC,D,131,0.03,N_TM105,3
10,M,B,96,0.02,N_TM105,3
11,M,D,77,0.02,N_TM105,3
0,B,B,417625,83.38,N_TM106,3
1,D,B,48459,9.67,N_TM106,3
2,MC,MC,16433,3.28,N_TM106,3
3,B,D,8625,1.72,N_TM106,3
4,D,D,4738,0.95,N_TM106,3
5,M,M,2059,0.41,N_TM106,3
6,B,M,1472,0.29,N_TM106,3
7,M,B,842,0.17,N_TM106,3
8,MC,D,338,0.07,N_TM106,3
9,MC,M,139,0.03,N_TM106,3
10,D,M,81,0.02,N_TM106,3
11,M,D,71,0.01,N_TM106,3
0,B,B,438463,93.93,N_TM107,3
1,D,B,8182,1.75,N_TM107,3
2,B,D,7027,1.51,N_TM107,3
3,B,M,4697,1.01,N_TM107,3
4,MC,MC,4085,0.88,N_TM107,3
5,D,D,3377,0.72,N_TM107,3
6,M,M,657,0.14,N_TM107,3
7,D,M,101,0.02,N_TM107,3
8,MC,D,89,0.02,N_TM107,3
9,MC,M,82,0.02,N_TM107,3
10,M,B,38,0.01,N_TM107,3
11,M,D,9,0.0,N_TM107,3
0,B,B,413677,89.08,N_TM108,3
1,MC,MC,19180,4.13,N_TM108,3
2,B,M,10222,2.2,N_TM108,3
3,D,B,8729,1.88,N_TM108,3
4,B,D,8141,1.75,N_TM108,3
5,D,D,3019,0.65,N_TM108,3
6,D,M,394,0.08,N_TM108,3
7,MC,M,359,0.08,N_TM108,3
8,MC,D,343,0.07,N_TM108,3
9,M,M,301,0.06,N_TM108,3
10,M,B,21,0.0,N_TM108,3
11,M,D,6,0.0,N_TM108,3
0,B,B,420585,90.37,N_TM109,3
1,D,B,10648,2.29,N_TM109,3
2,B,D,10640,2.29,N_TM109,3
3,B,M,9121,1.96,N_TM109,3
4,MC,MC,8306,1.78,N_TM109,3
5,D,D,5031,1.08,N_TM109,3
6,M,M,409,0.09,N_TM109,3
7,D,M,255,0.05,N_TM109,3
8,MC,M,195,0.04,N_TM109,3
9,MC,D,170,0.04,N_TM109,3
10,M,B,12,0.0,N_TM109,3
11,M,D,6,0.0,N_TM109,3
0,B,B,569398,98.22,N_PT101,3
1,MC,MC,10345,1.78,N_PT101,3
2,M,B,1,0.0,N_PT101,3
0,B,B,509151,99.93,N_PT102,3
1,MC,MC,343,0.07,N_PT102,3
2,M,B,2,0.0,N_PT102,3
0,B,B,527204,99.93,N_PT103,3
1,MC,MC,347,0.07,N_PT103,3
0,B,B,322708,89.61,N_TM102,4
1,MC,MC,28677,7.96,N_TM102,4
2,B,D,3030,0.84,N_TM102,4
3,D,B,2542,0.71,N_TM102,4
4,M,M,1168,0.32,N_TM102,4
5,MC,D,830,0.23,N_TM102,4
6,D,D,788,0.22,N_TM102,4
7,MC,M,282,0.08,N_TM102,4
8,B,M,42,0.01,N_TM102,4
9,M,B,35,0.01,N_TM102,4
10,D,M,15,0.0,N_TM102,4
11,M,D,14,0.0,N_TM102,4
0,B,B,293919,80.84,N_TM103,4
1,MC,MC,40968,11.27,N_TM103,4
2,B,M,10074,2.77,N_TM103,4
3,MC,M,5491,1.51,N_TM103,4
4,D,B,3777,1.04,N_TM103,4
5,B,D,3680,1.01,N_TM103,4
6,M,M,2839,0.78,N_TM103,4
7,MC,D,1334,0.37,N_TM103,4
8,D,D,1145,0.31,N_TM103,4
9,D,M,286,0.08,N_TM103,4
10,M,D,30,0.01,N_TM103,4
11,M,B,28,0.01,N_TM103,4
0,B,B,296517,83.73,N_TM104,4
1,D,B,41400,11.69,N_TM104,4
2,MC,MC,5009,1.41,N_TM104,4
3,B,D,4367,1.23,N_TM104,4
4,B,M,2780,0.79,N_TM104,4
5,D,D,2012,0.57,N_TM104,4
6,M,M,1604,0.45,N_TM104,4
7,M,B,272,0.08,N_TM104,4
8,D,M,45,0.01,N_TM104,4
9,MC,D,43,0.01,N_TM104,4
10,M,D,37,0.01,N_TM104,4
11,MC,M,29,0.01,N_TM104,4
0,B,B,337887,95.41,N_TM105,4
1,B,D,3934,1.11,N_TM105,4
2,MC,MC,3426,0.97,N_TM105,4
3,B,M,3076,0.87,N_TM105,4
4,M,M,2650,0.75,N_TM105,4
5,D,B,2200,0.62,N_TM105,4
6,D,D,622,0.18,N_TM105,4
7,MC,D,106,0.03,N_TM105,4
8,D,M,84,0.02,N_TM105,4
9,M,B,70,0.02,N_TM105,4
10,M,D,47,0.01,N_TM105,4
11,MC,M,30,0.01,N_TM105,4
0,B,B,296637,83.75,N_TM106,4
1,D,B,42003,11.86,N_TM106,4
2,B,D,4600,1.3,N_TM106,4
3,MC,MC,3475,0.98,N_TM106,4
4,B,M,2773,0.78,N_TM106,4
5,D,D,2592,0.73,N_TM106,4
6,M,M,1309,0.37,N_TM106,4
7,M,B,600,0.17,N_TM106,4
8,MC,D,84,0.02,N_TM106,4
9,M,D,49,0.01,N_TM106,4
10,D,M,38,0.01,N_TM106,4
11,MC,M,13,0.0,N_TM106,4
0,B,B,334782,95.4,N_TM107,4
1,B,D,4969,1.42,N_TM107,4
2,B,M,4446,1.27,N_TM107,4
3,D,B,4070,1.16,N_TM107,4
4,D,D,1785,0.51,N_TM107,4
5,M,M,508,0.14,N_TM107,4
6,M,B,129,0.04,N_TM107,4
7,D,M,123,0.04,N_TM107,4
8,MC,MC,70,0.02,N_TM107,4
9,M,D,16,0.0,N_TM107,4
10,MC,M,6,0.0,N_TM107,4
11,MC,D,3,0.0,N_TM107,4
0,B,B,327884,93.41,N_TM108,4
1,B,M,10032,2.86,N_TM108,4
2,B,D,5130,1.46,N_TM108,4
3,D,B,5001,1.42,N_TM108,4
4,D,D,1993,0.57,N_TM108,4
5,D,M,411,0.12,N_TM108,4
6,M,M,294,0.08,N_TM108,4
7,M,B,206,0.06,N_TM108,4
8,MC,MC,62,0.02,N_TM108,4
9,M,D,9,0.0,N_TM108,4
10,MC,M,6,0.0,N_TM108,4
0,B,B,326909,93.19,N_TM109,4
1,B,M,9241,2.63,N_TM109,4
2,B,D,5813,1.66,N_TM109,4
3,D,B,5008,1.43,N_TM109,4
4,D,D,2854,0.81,N_TM109,4
5,M,M,493,0.14,N_TM109,4
6,D,M,256,0.07,N_TM109,4
7,M,B,111,0.03,N_TM109,4
8,MC,MC,92,0.03,N_TM109,4
9,M,D,17,0.0,N_TM109,4
10,MC,M,4,0.0,N_TM109,4
11,MC,D,1,0.0,N_TM109,4
0,B,B,976557,99.67,N_PT101,4
1,MC,MC,3198,0.33,N_PT101,4
0,B,B,981074,99.72,N_PT102,4
1,MC,MC,2724,0.28,N_PT102,4
0,B,B,974455,99.72,N_PT103,4
1,MC,MC,2734,0.28,N_PT103,4
2,M,B,15,0.0,N_PT103,4
0,B,B,447559,90.53,N_TM102,5
1,MC,MC,30897,6.25,N_TM102,5
2,B,D,6745,1.36,N_TM102,5
3,D,B,5464,1.11,N_TM102,5
4,M,M,1398,0.28,N_TM102,5
5,D,D,1060,0.21,N_TM102,5
6,MC,D,986,0.2,N_TM102,5
7,B,M,118,0.02,N_TM102,5
8,M,B,65,0.01,N_TM102,5
9,MC,M,43,0.01,N_TM102,5
10,M,D,20,0.0,N_TM102,5
11,D,M,10,0.0,N_TM102,5
0,B,B,404028,81.97,N_TM103,5
1,MC,MC,62549,12.69,N_TM103,5
2,B,D,7974,1.62,N_TM103,5
3,D,B,6903,1.4,N_TM103,5
4,B,M,4327,0.88,N_TM103,5
5,MC,D,2520,0.51,N_TM103,5
6,D,D,2363,0.48,N_TM103,5
7,M,M,1456,0.3,N_TM103,5
8,MC,M,536,0.11,N_TM103,5
9,D,M,135,0.03,N_TM103,5
10,M,B,52,0.01,N_TM103,5
11,M,D,25,0.01,N_TM103,5
0,B,B,414657,91.52,N_TM104,5
1,D,B,19891,4.39,N_TM104,5
2,B,D,5968,1.32,N_TM104,5
3,MC,MC,4257,0.94,N_TM104,5
4,B,M,3430,0.76,N_TM104,5
5,D,D,2340,0.52,N_TM104,5
6,M,M,1129,0.25,N_TM104,5
7,MC,D,600,0.13,N_TM104,5
8,M,B,370,0.08,N_TM104,5
9,MC,M,250,0.06,N_TM104,5
10,D,M,158,0.03,N_TM104,5
11,M,D,20,0.0,N_TM104,5
0,B,B,426927,94.95,N_TM105,5
1,B,D,4710,1.05,N_TM105,5
2,D,B,4353,0.97,N_TM105,5
3,M,M,4161,0.93,N_TM105,5
4,B,M,3481,0.77,N_TM105,5
5,MC,MC,3352,0.75,N_TM105,5
6,MC,M,1341,0.3,N_TM105,5
7,D,D,727,0.16,N_TM105,5
8,MC,D,346,0.08,N_TM105,5
9,D,M,135,0.03,N_TM105,5
10,M,D,51,0.01,N_TM105,5
11,M,B,38,0.01,N_TM105,5
0,B,B,418254,92.34,N_TM106,5
1,D,B,15179,3.35,N_TM106,5
2,B,D,5630,1.24,N_TM106,5
3,B,M,3560,0.79,N_TM106,5
4,MC,MC,3110,0.69,N_TM106,5
5,M,M,3015,0.67,N_TM106,5
6,D,D,2077,0.46,N_TM106,5
7,MC,M,1348,0.3,N_TM106,5
8,MC,D,339,0.07,N_TM106,5
9,M,B,262,0.06,N_TM106,5
10,D,M,98,0.02,N_TM106,5
11,M,D,54,0.01,N_TM106,5
0,B,B,394650,94.28,N_TM107,5
1,D,B,9014,2.15,N_TM107,5
2,B,D,5840,1.4,N_TM107,5
3,B,M,5462,1.3,N_TM107,5
4,D,D,2531,0.6,N_TM107,5
5,M,B,500,0.12,N_TM107,5
6,M,M,360,0.09,N_TM107,5
7,D,M,175,0.04,N_TM107,5
8,MC,MC,46,0.01,N_TM107,5
9,MC,D,18,0.0,N_TM107,5
10,M,D,12,0.0,N_TM107,5
0,B,B,380250,90.96,N_TM108,5
1,B,M,19634,4.7,N_TM108,5
2,D,B,7909,1.89,N_TM108,5
3,B,D,6658,1.59,N_TM108,5
4,D,D,2403,0.57,N_TM108,5
5,D,M,607,0.15,N_TM108,5
6,M,B,259,0.06,N_TM108,5
7,M,M,239,0.06,N_TM108,5
8,MC,MC,73,0.02,N_TM108,5
9,MC,D,17,0.0,N_TM108,5
10,M,D,3,0.0,N_TM108,5
0,B,B,376634,90.16,N_TM109,5
1,B,M,18816,4.5,N_TM109,5
2,D,B,9896,2.37,N_TM109,5
3,B,D,7165,1.72,N_TM109,5
4,D,D,3720,0.89,N_TM109,5
5,D,M,799,0.19,N_TM109,5
6,M,M,331,0.08,N_TM109,5
7,M,B,284,0.07,N_TM109,5
8,MC,MC,47,0.01,N_TM109,5
9,MC,D,15,0.0,N_TM109,5
10,M,D,10,0.0,N_TM109,5
0,B,B,877660,98.64,N_PT101,5
1,MC,MC,12144,1.36,N_PT101,5
0,B,B,792649,99.91,N_PT102,5
1,MC,MC,714,0.09,N_PT102,5
0,B,B,792463,99.9,N_PT103,5
1,MC,MC,769,0.1,N_PT103,5
0,B,B,311792,72.12,N_TM102,6
1,MC,MC,100284,23.2,N_TM102,6
2,B,D,5769,1.33,N_TM102,6
3,D,B,5360,1.24,N_TM102,6
4,M,M,3403,0.79,N_TM102,6
5,MC,D,2372,0.55,N_TM102,6
6,D,D,1445,0.33,N_TM102,6
7,MC,M,1079,0.25,N_TM102,6
8,B,M,495,0.11,N_TM102,6
9,M,B,286,0.07,N_TM102,6
10,M,D,43,0.01,N_TM102,6
11,D,M,19,0.0,N_TM102,6
0,B,B,301151,70.18,N_TM103,6
1,MC,MC,104471,24.34,N_TM103,6
2,B,D,6029,1.4,N_TM103,6
3,D,B,5631,1.31,N_TM103,6
4,MC,M,3902,0.91,N_TM103,6
5,MC,D,2788,0.65,N_TM103,6
6,M,M,2212,0.52,N_TM103,6
7,D,D,1537,0.36,N_TM103,6
8,B,M,1191,0.28,N_TM103,6
9,D,M,97,0.02,N_TM103,6
10,M,B,69,0.02,N_TM103,6
11,M,D,60,0.01,N_TM103,6
0,B,B,325606,76.66,N_TM104,6
1,D,B,66412,15.64,N_TM104,6
2,MC,MC,20439,4.81,N_TM104,6
3,B,D,3896,0.92,N_TM104,6
4,B,M,2094,0.49,N_TM104,6
5,M,M,1969,0.46,N_TM104,6
6,D,D,1671,0.39,N_TM104,6
7,M,B,1614,0.38,N_TM104,6
8,MC,D,631,0.15,N_TM104,6
9,MC,M,251,0.06,N_TM104,6
10,D,M,121,0.03,N_TM104,6
11,M,D,56,0.01,N_TM104,6
0,B,B,377795,89.52,N_TM105,6
1,MC,MC,23043,5.46,N_TM105,6
2,M,M,6557,1.55,N_TM105,6
3,D,B,5412,1.28,N_TM105,6
4,B,D,4568,1.08,N_TM105,6
5,B,M,2404,0.57,N_TM105,6
6,D,D,681,0.16,N_TM105,6
7,MC,D,590,0.14,N_TM105,6
8,MC,M,434,0.1,N_TM105,6
9,M,B,264,0.06,N_TM105,6
10,D,M,197,0.05,N_TM105,6
11,M,D,83,0.02,N_TM105,6
0,B,B,325303,76.42,N_TM106,6
1,D,B,65010,15.27,N_TM106,6
2,MC,MC,19353,4.55,N_TM106,6
3,B,D,5114,1.2,N_TM106,6
4,M,B,3051,0.72,N_TM106,6
5,D,D,2582,0.61,N_TM106,6
6,M,M,1965,0.46,N_TM106,6
7,B,M,1943,0.46,N_TM106,6
8,MC,D,940,0.22,N_TM106,6
9,MC,M,217,0.05,N_TM106,6
10,M,D,131,0.03,N_TM106,6
11,D,M,54,0.01,N_TM106,6
0,B,B,360160,90.17,N_TM107,6
1,MC,MC,23528,5.89,N_TM107,6
2,D,B,4351,1.09,N_TM107,6
3,B,M,4344,1.09,N_TM107,6
4,B,D,3314,0.83,N_TM107,6
5,D,D,1357,0.34,N_TM107,6
6,M,M,745,0.19,N_TM107,6
7,MC,M,642,0.16,N_TM107,6
8,MC,D,589,0.15,N_TM107,6
9,D,M,230,0.06,N_TM107,6
10,M,B,163,0.04,N_TM107,6
11,M,D,14,0.0,N_TM107,6
0,B,B,349268,87.97,N_TM108,6
1,MC,MC,24901,6.27,N_TM108,6
2,B,M,9167,2.31,N_TM108,6
3,D,B,4441,1.12,N_TM108,6
4,B,D,4040,1.02,N_TM108,6
5,D,D,1619,0.41,N_TM108,6
6,M,M,1150,0.29,N_TM108,6
7,MC,M,1129,0.28,N_TM108,6
8,MC,D,713,0.18,N_TM108,6
9,D,M,454,0.11,N_TM108,6
10,M,B,136,0.03,N_TM108,6
11,M,D,16,0.0,N_TM108,6
0,B,B,357976,89.5,N_TM109,6
1,MC,MC,17240,4.31,N_TM109,6
2,B,M,7847,1.96,N_TM109,6
3,D,B,6973,1.74,N_TM109,6
4,B,D,4655,1.16,N_TM109,6
5,D,D,2435,0.61,N_TM109,6
6,M,M,981,0.25,N_TM109,6
7,MC,D,855,0.21,N_TM109,6
8,MC,M,570,0.14,N_TM109,6
9,D,M,272,0.07,N_TM109,6
10,M,B,140,0.04,N_TM109,6
11,M,D,16,0.0,N_TM109,6
0,B,B,1543293,98.51,N_PT101,6
1,MC,MC,23363,1.49,N_PT101,6
2,M,B,2,0.0,N_PT101,6
0,B,B,1485521,99.39,N_PT102,6
1,MC,MC,9095,0.61,N_PT102,6
2,M,B,18,0.0,N_PT102,6
0,B,B,1481586,99.38,N_PT103,6
1,MC,MC,9249,0.62,N_PT103,6
2,M,B,18,0.0,N_PT103,6
0,B,B,496148,77.09,N_TM102,7
1,MC,MC,119650,18.59,N_TM102,7
2,D,B,12113,1.88,N_TM102,7
3,B,D,5838,0.91,N_TM102,7
4,M,M,4306,0.67,N_TM102,7
5,MC,D,2873,0.45,N_TM102,7
6,D,D,1822,0.28,N_TM102,7
7,MC,M,401,0.06,N_TM102,7
8,B,M,198,0.03,N_TM102,7
9,M,B,130,0.02,N_TM102,7
10,M,D,88,0.01,N_TM102,7
11,D,M,53,0.01,N_TM102,7
0,B,B,492831,76.55,N_TM103,7
1,MC,MC,121801,18.92,N_TM103,7
2,D,B,9679,1.5,N_TM103,7
3,B,D,5803,0.9,N_TM103,7
4,M,M,4968,0.77,N_TM103,7
5,MC,D,3262,0.51,N_TM103,7
6,D,D,2305,0.36,N_TM103,7
7,MC,M,1437,0.22,N_TM103,7
8,B,M,1383,0.21,N_TM103,7
9,M,B,156,0.02,N_TM103,7
10,M,D,101,0.02,N_TM103,7
11,D,M,76,0.01,N_TM103,7
0,B,B,527789,86.15,N_TM104,7
1,D,B,41953,6.85,N_TM104,7
2,MC,MC,23537,3.84,N_TM104,7
3,M,M,6986,1.14,N_TM104,7
4,B,D,6274,1.02,N_TM104,7
5,D,D,2854,0.47,N_TM104,7
6,B,M,1250,0.2,N_TM104,7
7,M,B,752,0.12,N_TM104,7
8,MC,D,677,0.11,N_TM104,7
9,MC,M,387,0.06,N_TM104,7
10,M,D,120,0.02,N_TM104,7
11,D,M,54,0.01,N_TM104,7
0,B,B,545969,90.06,N_TM105,7
1,MC,MC,29738,4.91,N_TM105,7
2,D,B,10134,1.67,N_TM105,7
3,M,M,10075,1.66,N_TM105,7
4,B,D,5458,0.9,N_TM105,7
5,D,D,1506,0.25,N_TM105,7
6,B,M,1359,0.22,N_TM105,7
7,MC,D,811,0.13,N_TM105,7
8,MC,M,583,0.1,N_TM105,7
9,M,D,241,0.04,N_TM105,7
10,D,M,235,0.04,N_TM105,7
11,M,B,129,0.02,N_TM105,7
0,B,B,516794,84.51,N_TM106,7
1,D,B,42399,6.93,N_TM106,7
2,MC,MC,31349,5.13,N_TM106,7
3,B,D,7448,1.22,N_TM106,7
4,M,M,6408,1.05,N_TM106,7
5,D,D,3364,0.55,N_TM106,7
6,B,M,1223,0.2,N_TM106,7
7,MC,D,1164,0.19,N_TM106,7
8,M,B,569,0.09,N_TM106,7
9,MC,M,532,0.09,N_TM106,7
10,M,D,203,0.03,N_TM106,7
11,D,M,83,0.01,N_TM106,7
0,B,B,502838,91.91,N_TM107,7
1,MC,MC,20271,3.71,N_TM107,7
2,D,B,7676,1.4,N_TM107,7
3,B,D,4903,0.9,N_TM107,7
4,M,M,4272,0.78,N_TM107,7
5,B,M,3828,0.7,N_TM107,7
6,D,D,1999,0.37,N_TM107,7
7,MC,D,455,0.08,N_TM107,7
8,MC,M,405,0.07,N_TM107,7
9,M,B,209,0.04,N_TM107,7
10,M,D,117,0.02,N_TM107,7
11,D,M,114,0.02,N_TM107,7
0,B,B,480099,88.83,N_TM108,7
1,MC,MC,20157,3.73,N_TM108,7
2,B,M,15695,2.9,N_TM108,7
3,D,B,12313,2.28,N_TM108,7
4,B,D,5753,1.06,N_TM108,7
5,D,D,2485,0.46,N_TM108,7
6,M,B,1223,0.23,N_TM108,7
7,MC,M,732,0.14,N_TM108,7
8,M,M,718,0.13,N_TM108,7
9,D,M,698,0.13,N_TM108,7
10,MC,D,564,0.1,N_TM108,7
11,M,D,27,0.0,N_TM108,7
0,B,B,481903,88.16,N_TM109,7
1,MC,MC,22280,4.08,N_TM109,7
2,D,B,14000,2.56,N_TM109,7
3,B,M,13927,2.55,N_TM109,7
4,B,D,6956,1.27,N_TM109,7
5,D,D,3563,0.65,N_TM109,7
6,M,M,1192,0.22,N_TM109,7
7,D,M,794,0.15,N_TM109,7
8,MC,D,675,0.12,N_TM109,7
9,M,B,659,0.12,N_TM109,7
10,MC,M,591,0.11,N_TM109,7
11,M,D,100,0.02,N_TM109,7
0,B,B,873326,96.79,N_PT101,7
1,MC,MC,29008,3.21,N_PT101,7
0,B,B,763015,96.59,N_PT102,7
1,MC,MC,26944,3.41,N_PT102,7
2,M,B,1,0.0,N_PT102,7
0,B,B,761247,96.58,N_PT103,7
1,MC,MC,26995,3.42,N_PT103,7
0,B,B,772816,85.07,N_TM102,8
1,MC,MC,99937,11.0,N_TM102,8
2,D,B,14237,1.57,N_TM102,8
3,B,D,9804,1.08,N_TM102,8
4,M,M,4181,0.46,N_TM102,8
5,MC,D,2691,0.3,N_TM102,8
6,D,D,2584,0.28,N_TM102,8
7,MC,M,1174,0.13,N_TM102,8
8,B,M,557,0.06,N_TM102,8
9,M,B,316,0.03,N_TM102,8
10,M,D,110,0.01,N_TM102,8
11,D,M,24,0.0,N_TM102,8
0,B,B,724878,79.2,N_TM103,8
1,MC,MC,139699,15.26,N_TM103,8
2,D,B,16303,1.78,N_TM103,8
3,B,D,11375,1.24,N_TM103,8
4,M,M,5868,0.64,N_TM103,8
5,B,M,4401,0.48,N_TM103,8
6,MC,M,3662,0.4,N_TM103,8
7,MC,D,3346,0.37,N_TM103,8
8,D,D,2674,0.29,N_TM103,8
9,M,B,2540,0.28,N_TM103,8
10,M,D,242,0.03,N_TM103,8
11,D,M,239,0.03,N_TM103,8
0,B,B,578440,67.93,N_TM104,8
1,D,B,226498,26.6,N_TM104,8
2,MC,MC,19662,2.31,N_TM104,8
3,B,D,7748,0.91,N_TM104,8
4,M,M,7531,0.88,N_TM104,8
5,D,D,5046,0.59,N_TM104,8
6,M,B,2858,0.34,N_TM104,8
7,B,M,2086,0.24,N_TM104,8
8,MC,M,747,0.09,N_TM104,8
9,MC,D,598,0.07,N_TM104,8
10,M,D,246,0.03,N_TM104,8
11,D,M,66,0.01,N_TM104,8
0,B,B,795895,93.58,N_TM105,8
1,MC,MC,19314,2.27,N_TM105,8
2,D,B,11181,1.31,N_TM105,8
3,B,D,9533,1.12,N_TM105,8
4,M,M,7087,0.83,N_TM105,8
5,B,M,2594,0.31,N_TM105,8
6,D,D,2449,0.29,N_TM105,8
7,MC,M,981,0.12,N_TM105,8
8,MC,D,858,0.1,N_TM105,8
9,M,B,262,0.03,N_TM105,8
10,D,M,208,0.02,N_TM105,8
11,M,D,124,0.01,N_TM105,8
0,B,B,582447,68.42,N_TM106,8
1,D,B,224311,26.35,N_TM106,8
2,MC,MC,21840,2.57,N_TM106,8
3,B,D,7859,0.92,N_TM106,8
4,D,D,7155,0.84,N_TM106,8
5,M,M,2669,0.31,N_TM106,8
6,B,M,1847,0.22,N_TM106,8
7,M,B,1625,0.19,N_TM106,8
8,MC,D,1029,0.12,N_TM106,8
9,MC,M,354,0.04,N_TM106,8
10,M,D,114,0.01,N_TM106,8
11,D,M,56,0.01,N_TM106,8
0,B,B,714838,94.26,N_TM107,8
1,B,M,9699,1.28,N_TM107,8
2,MC,MC,9205,1.21,N_TM107,8
3,B,D,8502,1.12,N_TM107,8
4,M,M,4662,0.61,N_TM107,8
5,D,B,4650,0.61,N_TM107,8
6,D,D,3036,0.4,N_TM107,8
7,M,B,2506,0.33,N_TM107,8
8,MC,M,573,0.08,N_TM107,8
9,M,D,263,0.03,N_TM107,8
10,MC,D,222,0.03,N_TM107,8
11,D,M,185,0.02,N_TM107,8
0,B,B,687458,90.81,N_TM108,8
1,MC,MC,30533,4.03,N_TM108,8
2,B,M,15530,2.05,N_TM108,8
3,B,D,9422,1.24,N_TM108,8
4,D,B,7405,0.98,N_TM108,8
5,D,D,4179,0.55,N_TM108,8
6,MC,M,767,0.1,N_TM108,8
7,M,M,676,0.09,N_TM108,8
8,MC,D,546,0.07,N_TM108,8
9,D,M,381,0.05,N_TM108,8
10,M,B,143,0.02,N_TM108,8
11,M,D,23,0.0,N_TM108,8
0,B,B,695980,91.82,N_TM109,8
1,MC,MC,22137,2.92,N_TM109,8
2,B,M,11723,1.55,N_TM109,8
3,B,D,10554,1.39,N_TM109,8
4,D,B,7044,0.93,N_TM109,8
5,D,D,5407,0.71,N_TM109,8
6,M,M,2030,0.27,N_TM109,8
7,M,B,1615,0.21,N_TM109,8
8,MC,D,608,0.08,N_TM109,8
9,MC,M,598,0.08,N_TM109,8
10,D,M,160,0.02,N_TM109,8
11,M,D,104,0.01,N_TM109,8
0,B,B,1737627,97.59,N_PT101,8
1,MC,MC,42880,2.41,N_PT101,8
2,M,B,1,0.0,N_PT101,8
0,B,B,1587717,97.81,N_PT102,8
1,MC,MC,35615,2.19,N_PT102,8
0,B,B,1574204,97.73,N_PT103,8
1,MC,MC,36521,2.27,N_PT103,8
2,M,B,1,0.0,N_PT103,8
0,B,B,1073281,85.28,N_TM102,9
1,MC,MC,139928,11.12,N_TM102,9
2,D,B,19901,1.58,N_TM102,9
3,B,D,10730,0.85,N_TM102,9
4,M,M,5676,0.45,N_TM102,9
5,MC,D,4040,0.32,N_TM102,9
6,D,D,3371,0.27,N_TM102,9
7,MC,M,670,0.05,N_TM102,9
8,M,B,565,0.04,N_TM102,9
9,B,M,187,0.01,N_TM102,9
10,M,D,113,0.01,N_TM102,9
11,D,M,38,0.0,N_TM102,9
0,B,B,1097720,86.79,N_TM103,9
1,MC,MC,116857,9.24,N_TM103,9
2,D,B,12841,1.02,N_TM103,9
3,B,D,12449,0.98,N_TM103,9
4,B,M,8273,0.65,N_TM103,9
5,M,M,7086,0.56,N_TM103,9
6,MC,D,3798,0.3,N_TM103,9
7,D,D,3510,0.28,N_TM103,9
8,MC,M,1694,0.13,N_TM103,9
9,M,B,316,0.02,N_TM103,9
10,M,D,154,0.01,N_TM103,9
11,D,M,95,0.01,N_TM103,9
0,B,B,982219,85.85,N_TM104,9
1,D,B,87425,7.64,N_TM104,9
2,MC,MC,40980,3.58,N_TM104,9
3,M,M,10663,0.93,N_TM104,9
4,B,D,8918,0.78,N_TM104,9
5,MC,M,3759,0.33,N_TM104,9
6,D,D,3604,0.32,N_TM104,9
7,B,M,3562,0.31,N_TM104,9
8,M,B,1523,0.13,N_TM104,9
9,MC,D,1182,0.1,N_TM104,9
10,M,D,190,0.02,N_TM104,9
11,D,M,89,0.01,N_TM104,9
0,B,B,1018886,90.09,N_TM105,9
1,MC,MC,62392,5.52,N_TM105,9
2,D,B,18634,1.65,N_TM105,9
3,M,M,13592,1.2,N_TM105,9
4,B,D,8904,0.79,N_TM105,9
5,D,D,3144,0.28,N_TM105,9
6,B,M,1947,0.17,N_TM105,9
7,MC,D,1612,0.14,N_TM105,9
8,MC,M,752,0.07,N_TM105,9
9,M,B,674,0.06,N_TM105,9
10,D,M,241,0.02,N_TM105,9
11,M,D,223,0.02,N_TM105,9
0,B,B,974298,85.08,N_TM106,9
1,D,B,95120,8.31,N_TM106,9
2,MC,MC,43538,3.8,N_TM106,9
3,B,D,10941,0.96,N_TM106,9
4,M,M,8932,0.78,N_TM106,9
5,D,D,5475,0.48,N_TM106,9
6,B,M,2484,0.22,N_TM106,9
7,M,B,1941,0.17,N_TM106,9
8,MC,D,1501,0.13,N_TM106,9
9,MC,M,628,0.05,N_TM106,9
10,M,D,157,0.01,N_TM106,9
11,D,M,76,0.01,N_TM106,9
0,B,B,952499,94.35,N_TM107,9
1,MC,MC,18580,1.84,N_TM107,9
2,D,B,10103,1.0,N_TM107,9
3,B,D,8099,0.8,N_TM107,9
4,B,M,7636,0.76,N_TM107,9
5,M,M,6880,0.68,N_TM107,9
6,D,D,3440,0.34,N_TM107,9
7,MC,M,1205,0.12,N_TM107,9
8,MC,D,422,0.04,N_TM107,9
9,M,B,340,0.03,N_TM107,9
10,M,D,166,0.02,N_TM107,9
11,D,M,122,0.01,N_TM107,9
0,B,B,895231,89.19,N_TM108,9
1,MC,MC,44615,4.44,N_TM108,9
2,B,M,25656,2.56,N_TM108,9
3,D,B,19156,1.91,N_TM108,9
4,B,D,9331,0.93,N_TM108,9
5,D,D,4137,0.41,N_TM108,9
6,MC,M,1326,0.13,N_TM108,9
7,M,M,1300,0.13,N_TM108,9
8,D,M,1153,0.11,N_TM108,9
9,M,B,963,0.1,N_TM108,9
10,MC,D,849,0.08,N_TM108,9
11,M,D,40,0.0,N_TM108,9
0,B,B,899854,89.1,N_TM109,9
1,MC,MC,45364,4.49,N_TM109,9
2,B,M,22677,2.25,N_TM109,9
3,D,B,18777,1.86,N_TM109,9
4,B,D,10703,1.06,N_TM109,9
5,D,D,5019,0.5,N_TM109,9
6,M,M,2746,0.27,N_TM109,9
7,MC,M,2110,0.21,N_TM109,9
8,MC,D,1380,0.14,N_TM109,9
9,D,M,890,0.09,N_TM109,9
10,M,B,354,0.04,N_TM109,9
11,M,D,46,0.0,N_TM109,9
0,B,B,1772835,96.31,N_PT101,9
1,MC,MC,67883,3.69,N_PT101,9
2,M,B,1,0.0,N_PT101,9
0,B,B,1557841,96.0,N_PT102,9
1,MC,MC,64860,4.0,N_PT102,9
2,M,B,1,0.0,N_PT102,9
0,B,B,1547299,95.72,N_PT103,9
1,MC,MC,69113,4.28,N_PT103,9
2,M,B,3,0.0,N_PT103,9
0,B,B,198973,87.43,N_TM102,10
1,MC,MC,21966,9.65,N_TM102,10
2,D,B,3500,1.54,N_TM102,10
3,B,D,1544,0.68,N_TM102,10
4,MC,M,528,0.23,N_TM102,10
5,M,M,384,0.17,N_TM102,10
6,MC,D,317,0.14,N_TM102,10
7,D,D,275,0.12,N_TM102,10
8,M,B,47,0.02,N_TM102,10
9,B,M,34,0.01,N_TM102,10
10,D,M,3,0.0,N_TM102,10
11,M,D,3,0.0,N_TM102,10
0,B,B,191154,83.77,N_TM103,10
1,MC,MC,25743,11.28,N_TM103,10
2,D,B,3601,1.58,N_TM103,10
3,B,D,3530,1.55,N_TM103,10
4,B,M,1327,0.58,N_TM103,10
5,D,D,860,0.38,N_TM103,10
6,M,M,680,0.3,N_TM103,10
7,MC,D,665,0.29,N_TM103,10
8,MC,M,429,0.19,N_TM103,10
9,M,B,141,0.06,N_TM103,10
10,D,M,61,0.03,N_TM103,10
11,M,D,11,0.0,N_TM103,10
0,B,B,186875,91.65,N_TM104,10
1,D,B,9527,4.67,N_TM104,10
2,B,D,2232,1.09,N_TM104,10
3,MC,MC,1841,0.9,N_TM104,10
4,D,D,1042,0.51,N_TM104,10
5,M,M,844,0.41,N_TM104,10
6,B,M,816,0.4,N_TM104,10
7,M,B,456,0.22,N_TM104,10
8,MC,D,156,0.08,N_TM104,10
9,MC,M,77,0.04,N_TM104,10
10,M,D,24,0.01,N_TM104,10
11,D,M,16,0.01,N_TM104,10
0,B,B,189374,93.12,N_TM105,10
1,M,M,4538,2.23,N_TM105,10
2,MC,MC,4171,2.05,N_TM105,10
3,D,B,2129,1.05,N_TM105,10
4,B,D,1024,0.5,N_TM105,10
5,B,M,867,0.43,N_TM105,10
6,MC,M,687,0.34,N_TM105,10
7,D,D,269,0.13,N_TM105,10
8,MC,D,121,0.06,N_TM105,10
9,M,D,85,0.04,N_TM105,10
10,D,M,73,0.04,N_TM105,10
11,M,B,20,0.01,N_TM105,10
0,B,B,185844,91.76,N_TM106,10
1,D,B,7367,3.64,N_TM106,10
2,M,M,3735,1.84,N_TM106,10
3,B,D,1600,0.79,N_TM106,10
4,MC,MC,1425,0.7,N_TM106,10
5,B,M,836,0.41,N_TM106,10
6,D,D,699,0.35,N_TM106,10
7,MC,M,581,0.29,N_TM106,10
8,M,B,241,0.12,N_TM106,10
9,MC,D,106,0.05,N_TM106,10
10,M,D,72,0.04,N_TM106,10
11,D,M,18,0.01,N_TM106,10
0,B,B,177310,94.09,N_TM107,10
1,D,B,3432,1.82,N_TM107,10
2,B,M,2488,1.32,N_TM107,10
3,B,D,2138,1.13,N_TM107,10
4,MC,MC,1507,0.8,N_TM107,10
5,D,D,932,0.49,N_TM107,10
6,M,M,255,0.14,N_TM107,10
7,M,B,197,0.1,N_TM107,10
8,MC,M,96,0.05,N_TM107,10
9,D,M,58,0.03,N_TM107,10
10,MC,D,32,0.02,N_TM107,10
11,M,D,3,0.0,N_TM107,10
0,B,B,169860,90.36,N_TM108,10
1,B,M,10598,5.64,N_TM108,10
2,D,B,2554,1.36,N_TM108,10
3,B,D,1896,1.01,N_TM108,10
4,MC,MC,1268,0.67,N_TM108,10
5,D,D,941,0.5,N_TM108,10
6,MC,M,377,0.2,N_TM108,10
7,D,M,235,0.13,N_TM108,10
8,M,M,161,0.09,N_TM108,10
9,M,B,68,0.04,N_TM108,10
10,MC,D,21,0.01,N_TM108,10
11,M,D,3,0.0,N_TM108,10
0,B,B,166232,88.92,N_TM109,10
1,B,M,9632,5.15,N_TM109,10
2,MC,MC,3704,1.98,N_TM109,10
3,D,B,2542,1.36,N_TM109,10
4,B,D,2428,1.3,N_TM109,10
5,D,D,1287,0.69,N_TM109,10
6,MC,M,347,0.19,N_TM109,10
7,MC,D,292,0.16,N_TM109,10
8,D,M,274,0.15,N_TM109,10
9,M,M,147,0.08,N_TM109,10
10,M,B,51,0.03,N_TM109,10
11,M,D,2,0.0,N_TM109,10
0,B,B,347878,98.46,N_PT101,10
1,MC,MC,5452,1.54,N_PT101,10
0,B,B,297916,98.65,N_PT102,10
1,MC,MC,4090,1.35,N_PT102,10
0,B,B,297147,98.6,N_PT103,10
1,MC,MC,4220,1.4,N_PT103,10
0,B,B,581993,86.78,N_TM102,11
1,MC,MC,49140,7.33,N_TM102,11
2,D,B,26903,4.01,N_TM102,11
3,B,D,5563,0.83,N_TM102,11
4,M,M,3348,0.5,N_TM102,11
5,MC,D,1403,0.21,N_TM102,11
6,D,D,1323,0.2,N_TM102,11
7,B,M,338,0.05,N_TM102,11
8,MC,M,335,0.05,N_TM102,11
9,M,B,160,0.02,N_TM102,11
10,M,D,87,0.01,N_TM102,11
11,D,M,64,0.01,N_TM102,11
0,B,B,550895,83.48,N_TM103,11
1,MC,MC,67841,10.28,N_TM103,11
2,D,B,13295,2.01,N_TM103,11
3,B,D,11594,1.76,N_TM103,11
4,D,D,3968,0.6,N_TM103,11
5,MC,D,3929,0.6,N_TM103,11
6,M,M,3611,0.55,N_TM103,11
7,B,M,3277,0.5,N_TM103,11
8,MC,M,726,0.11,N_TM103,11
9,M,B,545,0.08,N_TM103,11
10,D,M,162,0.02,N_TM103,11
11,M,D,83,0.01,N_TM103,11
0,B,B,554190,86.7,N_TM104,11
1,D,B,51315,8.03,N_TM104,11
2,B,D,9413,1.47,N_TM104,11
3,MC,MC,8716,1.36,N_TM104,11
4,D,D,5456,0.85,N_TM104,11
5,M,M,4143,0.65,N_TM104,11
6,B,M,2864,0.45,N_TM104,11
7,M,B,2126,0.33,N_TM104,11
8,MC,D,705,0.11,N_TM104,11
9,D,M,91,0.01,N_TM104,11
10,M,D,91,0.01,N_TM104,11
11,MC,M,78,0.01,N_TM104,11
0,B,B,563677,88.41,N_TM105,11
1,D,B,36544,5.73,N_TM105,11
2,M,M,14870,2.33,N_TM105,11
3,MC,MC,8893,1.39,N_TM105,11
4,B,D,5140,0.81,N_TM105,11
5,B,M,4821,0.76,N_TM105,11
6,D,D,1578,0.25,N_TM105,11
7,D,M,729,0.11,N_TM105,11
8,MC,D,522,0.08,N_TM105,11
9,MC,M,481,0.08,N_TM105,11
10,M,D,173,0.03,N_TM105,11
11,M,B,134,0.02,N_TM105,11
0,B,B,552440,86.44,N_TM106,11
1,D,B,50160,7.85,N_TM106,11
2,M,M,11812,1.85,N_TM106,11
3,MC,MC,8657,1.35,N_TM106,11
4,B,D,6867,1.07,N_TM106,11
5,B,M,3399,0.53,N_TM106,11
6,D,D,3251,0.51,N_TM106,11
7,M,B,1268,0.2,N_TM106,11
8,MC,D,596,0.09,N_TM106,11
9,MC,M,392,0.06,N_TM106,11
10,M,D,173,0.03,N_TM106,11
11,D,M,87,0.01,N_TM106,11
0,B,B,565175,92.14,N_TM107,11
1,D,B,14041,2.29,N_TM107,11
2,B,M,10397,1.69,N_TM107,11
3,B,D,9982,1.63,N_TM107,11
4,MC,MC,6104,1.0,N_TM107,11
5,D,D,4033,0.66,N_TM107,11
6,M,M,1635,0.27,N_TM107,11
7,M,B,1229,0.2,N_TM107,11
8,D,M,481,0.08,N_TM107,11
9,MC,D,193,0.03,N_TM107,11
10,MC,M,93,0.02,N_TM107,11
11,M,D,30,0.0,N_TM107,11
0,B,B,533972,87.28,N_TM108,11
1,B,M,40111,6.56,N_TM108,11
2,D,B,14500,2.37,N_TM108,11
3,B,D,8126,1.33,N_TM108,11
4,MC,MC,6283,1.03,N_TM108,11
5,D,D,3203,0.52,N_TM108,11
6,D,M,2959,0.48,N_TM108,11
7,M,M,1617,0.26,N_TM108,11
8,M,B,614,0.1,N_TM108,11
9,MC,D,200,0.03,N_TM108,11
10,MC,M,168,0.03,N_TM108,11
11,M,D,33,0.01,N_TM108,11
0,B,B,538977,87.89,N_TM109,11
1,B,M,37038,6.04,N_TM109,11
2,D,B,13161,2.15,N_TM109,11
3,B,D,9322,1.52,N_TM109,11
4,MC,MC,5866,0.96,N_TM109,11
5,D,D,4541,0.74,N_TM109,11
6,M,M,1736,0.28,N_TM109,11
7,D,M,1476,0.24,N_TM109,11
8,M,B,583,0.1,N_TM109,11
9,MC,D,422,0.07,N_TM109,11
10,MC,M,89,0.01,N_TM109,11
11,M,D,30,0.0,N_TM109,11
0,B,B,1370880,97.11,N_PT101,11
1,MC,MC,40819,2.89,N_PT101,11
0,B,B,1302621,98.43,N_PT102,11
1,MC,MC,20732,1.57,N_PT102,11
0,B,B,1300433,98.41,N_PT103,11
1,MC,MC,21045,1.59,N_PT103,11
0,B,B,104388,88.8,N_TM102,12
1,MC,MC,8257,7.02,N_TM102,12
2,D,B,3030,2.58,N_TM102,12
3,B,D,996,0.85,N_TM102,12
4,M,M,389,0.33,N_TM102,12
5,D,D,210,0.18,N_TM102,12
6,MC,D,147,0.13,N_TM102,12
7,B,M,51,0.04,N_TM102,12
8,MC,M,43,0.04,N_TM102,12
9,M,B,35,0.03,N_TM102,12
10,D,M,6,0.01,N_TM102,12
11,M,D,6,0.01,N_TM102,12
0,B,B,103165,88.51,N_TM103,12
1,MC,MC,6912,5.93,N_TM103,12
2,D,B,3148,2.7,N_TM103,12
3,B,D,1404,1.2,N_TM103,12
4,M,M,616,0.53,N_TM103,12
5,B,M,519,0.45,N_TM103,12
6,D,D,391,0.34,N_TM103,12
7,MC,D,255,0.22,N_TM103,12
8,D,M,52,0.04,N_TM103,12
9,MC,M,44,0.04,N_TM103,12
10,M,B,29,0.02,N_TM103,12
11,M,D,17,0.01,N_TM103,12
0,B,B,93683,87.2,N_TM104,12
1,D,B,7487,6.97,N_TM104,12
2,MC,MC,3292,3.06,N_TM104,12
3,B,D,1291,1.2,N_TM104,12
4,M,M,532,0.5,N_TM104,12
5,D,D,409,0.38,N_TM104,12
6,B,M,269,0.25,N_TM104,12
7,M,B,247,0.23,N_TM104,12
8,MC,M,141,0.13,N_TM104,12
9,MC,D,68,0.06,N_TM104,12
10,D,M,11,0.01,N_TM104,12
11,M,D,10,0.01,N_TM104,12
0,B,B,95241,89.89,N_TM105,12
1,MC,MC,4913,4.64,N_TM105,12
2,D,B,2385,2.25,N_TM105,12
3,M,M,1705,1.61,N_TM105,12
4,B,D,823,0.78,N_TM105,12
5,B,M,473,0.45,N_TM105,12
6,D,D,161,0.15,N_TM105,12
7,MC,D,94,0.09,N_TM105,12
8,D,M,82,0.08,N_TM105,12
9,MC,M,53,0.05,N_TM105,12
10,M,D,16,0.02,N_TM105,12
11,M,B,6,0.01,N_TM105,12
0,B,B,92231,86.07,N_TM106,12
1,MC,MC,5913,5.52,N_TM106,12
2,D,B,5464,5.1,N_TM106,12
3,M,M,1298,1.21,N_TM106,12
4,B,D,1186,1.11,N_TM106,12
5,B,M,370,0.35,N_TM106,12
6,D,D,332,0.31,N_TM106,12
7,MC,D,144,0.13,N_TM106,12
8,M,B,128,0.12,N_TM106,12
9,MC,M,66,0.06,N_TM106,12
10,M,D,19,0.02,N_TM106,12
11,D,M,7,0.01,N_TM106,12
0,B,B,81546,91.14,N_TM107,12
1,MC,MC,2593,2.9,N_TM107,12
2,D,B,2278,2.55,N_TM107,12
3,B,M,1263,1.41,N_TM107,12
4,B,D,1018,1.14,N_TM107,12
5,D,D,310,0.35,N_TM107,12
6,M,M,211,0.24,N_TM107,12
7,MC,M,133,0.15,N_TM107,12
8,M,B,59,0.07,N_TM107,12
9,D,M,27,0.03,N_TM107,12
10,MC,D,27,0.03,N_TM107,12
11,M,D,4,0.0,N_TM107,12
0,B,B,75055,85.27,N_TM108,12
1,B,M,4803,5.46,N_TM108,12
2,MC,MC,4102,4.66,N_TM108,12
3,D,B,2181,2.48,N_TM108,12
4,B,D,927,1.05,N_TM108,12
5,D,D,295,0.34,N_TM108,12
6,M,B,186,0.21,N_TM108,12
7,D,M,172,0.2,N_TM108,12
8,M,M,118,0.13,N_TM108,12
9,MC,M,92,0.1,N_TM108,12
10,MC,D,79,0.09,N_TM108,12
11,M,D,12,0.01,N_TM108,12
0,B,B,75173,84.37,N_TM109,12
1,MC,MC,5607,6.29,N_TM109,12
2,B,M,4138,4.64,N_TM109,12
3,D,B,1840,2.07,N_TM109,12
4,B,D,1164,1.31,N_TM109,12
5,D,D,515,0.58,N_TM109,12
6,MC,M,166,0.19,N_TM109,12
7,D,M,162,0.18,N_TM109,12
8,M,M,156,0.18,N_TM109,12
9,MC,D,129,0.14,N_TM109,12
10,M,B,49,0.05,N_TM109,12
11,M,D,2,0.0,N_TM109,12
0,B,B,151270,98.88,N_PT101,12
1,MC,MC,1716,1.12,N_PT101,12
0,B,B,119551,98.62,N_PT102,12
1,MC,MC,1674,1.38,N_PT102,12
0,B,B,119402,98.57,N_PT103,12
1,MC,MC,1730,1.43,N_PT103,12
0,B,B,136138,81.25,N_TM102,13
1,MC,MC,19804,11.82,N_TM102,13
2,D,B,7933,4.73,N_TM102,13
3,B,D,1533,0.91,N_TM102,13
4,M,M,1065,0.64,N_TM102,13
5,MC,D,405,0.24,N_TM102,13
6,D,D,359,0.21,N_TM102,13
7,MC,M,201,0.12,N_TM102,13
8,B,M,43,0.03,N_TM102,13
9,M,B,38,0.02,N_TM102,13
10,M,D,23,0.01,N_TM102,13
11,D,M,16,0.01,N_TM102,13
0,B,B,130015,79.26,N_TM103,13
1,MC,MC,22634,13.8,N_TM103,13
2,D,B,3557,2.17,N_TM103,13
3,B,D,3206,1.95,N_TM103,13
4,M,M,2064,1.26,N_TM103,13
5,MC,D,911,0.56,N_TM103,13
6,D,D,878,0.54,N_TM103,13
7,B,M,404,0.25,N_TM103,13
8,MC,M,221,0.13,N_TM103,13
9,M,B,73,0.04,N_TM103,13
10,D,M,34,0.02,N_TM103,13
11,M,D,30,0.02,N_TM103,13
0,B,B,130349,85.6,N_TM104,13
1,D,B,15563,10.22,N_TM104,13
2,B,D,2525,1.66,N_TM104,13
3,D,D,1257,0.83,N_TM104,13
4,M,M,1038,0.68,N_TM104,13
5,M,B,884,0.58,N_TM104,13
6,MC,MC,320,0.21,N_TM104,13
7,B,M,285,0.19,N_TM104,13
8,M,D,28,0.02,N_TM104,13
9,D,M,14,0.01,N_TM104,13
10,MC,M,7,0.0,N_TM104,13
11,MC,D,6,0.0,N_TM104,13
0,B,B,130476,86.2,N_TM105,13
1,D,B,9617,6.35,N_TM105,13
2,M,M,4917,3.25,N_TM105,13
3,MC,MC,3345,2.21,N_TM105,13
4,B,D,1297,0.86,N_TM105,13
5,B,M,715,0.47,N_TM105,13
6,D,D,426,0.28,N_TM105,13
7,D,M,256,0.17,N_TM105,13
8,MC,M,182,0.12,N_TM105,13
9,M,D,75,0.05,N_TM105,13
10,M,B,37,0.02,N_TM105,13
11,MC,D,20,0.01,N_TM105,13
0,B,B,128879,84.76,N_TM106,13
1,D,B,15957,10.49,N_TM106,13
2,M,M,3776,2.48,N_TM106,13
3,B,D,1728,1.14,N_TM106,13
4,D,D,758,0.5,N_TM106,13
5,M,B,612,0.4,N_TM106,13
6,B,M,231,0.15,N_TM106,13
7,M,D,97,0.06,N_TM106,13
8,D,M,16,0.01,N_TM106,13
0,B,B,122238,94.32,N_TM107,13
1,B,M,2408,1.86,N_TM107,13
2,D,B,2246,1.73,N_TM107,13
3,B,D,1493,1.15,N_TM107,13
4,D,D,686,0.53,N_TM107,13
5,M,M,333,0.26,N_TM107,13
6,M,B,113,0.09,N_TM107,13
7,D,M,75,0.06,N_TM107,13
8,M,D,3,0.0,N_TM107,13
0,B,B,112180,87.1,N_TM108,13
1,B,M,8039,6.24,N_TM108,13
2,MC,MC,2989,2.32,N_TM108,13
3,D,B,2585,2.01,N_TM108,13
4,B,D,976,0.76,N_TM108,13
5,D,M,680,0.53,N_TM108,13
6,D,D,464,0.36,N_TM108,13
7,MC,M,439,0.34,N_TM108,13
8,M,M,366,0.28,N_TM108,13
9,M,B,45,0.03,N_TM108,13
10,MC,D,33,0.03,N_TM108,13
11,M,D,3,0.0,N_TM108,13
0,B,B,116408,89.93,N_TM109,13
1,B,M,7332,5.66,N_TM109,13
2,D,B,2438,1.88,N_TM109,13
3,B,D,1509,1.17,N_TM109,13
4,D,D,732,0.57,N_TM109,13
5,M,M,642,0.5,N_TM109,13
6,D,M,319,0.25,N_TM109,13
7,M,B,57,0.04,N_TM109,13
8,M,D,11,0.01,N_TM109,13
0,B,B,213239,99.99,N_PT101,13
1,MC,MC,27,0.01,N_PT101,13
0,B,B,174783,99.97,N_PT102,13
1,MC,MC,50,0.03,N_PT102,13
0,B,B,174491,99.98,N_PT103,13
1,MC,MC,35,0.02,N_PT103,13
0,B,B,132309,83.59,N_TM102,14
1,MC,MC,18749,11.84,N_TM102,14
2,D,B,3255,2.06,N_TM102,14
3,M,M,1530,0.97,N_TM102,14
4,B,D,1254,0.79,N_TM102,14
5,D,D,423,0.27,N_TM102,14
6,MC,D,319,0.2,N_TM102,14
7,MC,M,189,0.12,N_TM102,14
8,M,B,177,0.11,N_TM102,14
9,M,D,44,0.03,N_TM102,14
10,D,M,22,0.01,N_TM102,14
11,B,M,20,0.01,N_TM102,14
0,B,B,123385,78.83,N_TM103,14
1,MC,MC,20827,13.31,N_TM103,14
2,D,B,5470,3.49,N_TM103,14
3,M,M,2525,1.61,N_TM103,14
4,B,D,1765,1.13,N_TM103,14
5,D,D,1020,0.65,N_TM103,14
6,MC,D,551,0.35,N_TM103,14
7,B,M,349,0.22,N_TM103,14
8,MC,M,329,0.21,N_TM103,14
9,M,B,243,0.16,N_TM103,14
10,M,D,33,0.02,N_TM103,14
11,D,M,17,0.01,N_TM103,14
0,B,B,121779,80.32,N_TM104,14
1,D,B,15129,9.98,N_TM104,14
2,MC,MC,9523,6.28,N_TM104,14
3,M,M,1727,1.14,N_TM104,14
4,B,D,1321,0.87,N_TM104,14
5,M,B,891,0.59,N_TM104,14
6,D,D,585,0.39,N_TM104,14
7,MC,M,236,0.16,N_TM104,14
8,B,M,204,0.13,N_TM104,14
9,MC,D,175,0.12,N_TM104,14
10,M,D,35,0.02,N_TM104,14
11,D,M,11,0.01,N_TM104,14
0,B,B,141537,94.31,N_TM105,14
1,M,M,3995,2.66,N_TM105,14
2,D,B,2577,1.72,N_TM105,14
3,B,D,1082,0.72,N_TM105,14
4,D,D,294,0.2,N_TM105,14
5,B,M,265,0.18,N_TM105,14
6,M,B,194,0.13,N_TM105,14
7,D,M,84,0.06,N_TM105,14
8,M,D,41,0.03,N_TM105,14
9,MC,MC,14,0.01,N_TM105,14
10,MC,M,1,0.0,N_TM105,14
0,B,B,124549,82.53,N_TM106,14
1,D,B,13248,8.78,N_TM106,14
2,MC,MC,7576,5.02,N_TM106,14
3,M,M,2362,1.57,N_TM106,14
4,B,D,1463,0.97,N_TM106,14
5,M,B,668,0.44,N_TM106,14
6,D,D,593,0.39,N_TM106,14
7,B,M,227,0.15,N_TM106,14
8,MC,D,99,0.07,N_TM106,14
9,MC,M,63,0.04,N_TM106,14
10,M,D,45,0.03,N_TM106,14
11,D,M,19,0.01,N_TM106,14
0,B,B,135431,90.01,N_TM107,14
1,MC,MC,5305,3.53,N_TM107,14
2,D,B,4080,2.71,N_TM107,14
3,B,M,1889,1.26,N_TM107,14
4,B,D,1690,1.12,N_TM107,14
5,M,M,848,0.56,N_TM107,14
6,D,D,625,0.42,N_TM107,14
7,M,B,356,0.24,N_TM107,14
8,MC,D,109,0.07,N_TM107,14
9,MC,M,62,0.04,N_TM107,14
10,D,M,56,0.04,N_TM107,14
11,M,D,15,0.01,N_TM107,14
0,B,B,126543,85.09,N_TM108,14
1,MC,MC,9422,6.34,N_TM108,14
2,B,M,4510,3.03,N_TM108,14
3,D,B,3783,2.54,N_TM108,14
4,B,D,1448,0.97,N_TM108,14
5,MC,M,740,0.5,N_TM108,14
6,M,M,721,0.48,N_TM108,14
7,D,D,619,0.42,N_TM108,14
8,D,M,512,0.34,N_TM108,14
9,M,B,298,0.2,N_TM108,14
10,MC,D,109,0.07,N_TM108,14
11,M,D,10,0.01,N_TM108,14
0,B,B,127698,85.34,N_TM109,14
1,MC,MC,9189,6.14,N_TM109,14
2,D,B,4246,2.84,N_TM109,14
3,B,M,3718,2.48,N_TM109,14
4,B,D,1743,1.16,N_TM109,14
5,M,M,975,0.65,N_TM109,14
6,D,D,834,0.56,N_TM109,14
7,MC,M,530,0.35,N_TM109,14
8,D,M,259,0.17,N_TM109,14
9,MC,D,220,0.15,N_TM109,14
10,M,B,202,0.14,N_TM109,14
11,M,D,12,0.01,N_TM109,14
0,B,B,197352,96.15,N_PT101,14
1,MC,MC,7897,3.85,N_PT101,14
2,M,B,2,0.0,N_PT101,14
0,B,B,187801,96.07,N_PT102,14
1,MC,MC,7689,3.93,N_PT102,14
2,M,B,1,0.0,N_PT102,14
0,B,B,187362,95.96,N_PT103,14
1,MC,MC,7898,4.04,N_PT103,14
0,B,B,34487,69.89,N_TM102,15
1,MC,MC,8777,17.79,N_TM102,15
2,D,B,3331,6.75,N_TM102,15
3,B,D,945,1.92,N_TM102,15
4,M,M,783,1.59,N_TM102,15
5,MC,M,496,1.01,N_TM102,15
6,D,D,252,0.51,N_TM102,15
7,MC,D,112,0.23,N_TM102,15
8,M,B,56,0.11,N_TM102,15
9,B,M,50,0.1,N_TM102,15
10,M,D,40,0.08,N_TM102,15
11,D,M,13,0.03,N_TM102,15
0,B,B,29895,63.46,N_TM103,15
1,MC,MC,9984,21.19,N_TM103,15
2,B,D,1970,4.18,N_TM103,15
3,D,B,1839,3.9,N_TM103,15
4,MC,M,982,2.08,N_TM103,15
5,M,M,862,1.83,N_TM103,15
6,D,D,855,1.81,N_TM103,15
7,MC,D,418,0.89,N_TM103,15
8,B,M,222,0.47,N_TM103,15
9,M,B,46,0.1,N_TM103,15
10,M,D,30,0.06,N_TM103,15
11,D,M,8,0.02,N_TM103,15
0,B,B,25504,71.99,N_TM104,15
1,D,B,6491,18.32,N_TM104,15
2,M,M,1350,3.81,N_TM104,15
3,B,D,664,1.87,N_TM104,15
4,D,D,515,1.45,N_TM104,15
5,M,B,507,1.43,N_TM104,15
6,B,M,333,0.94,N_TM104,15
7,D,M,38,0.11,N_TM104,15
8,M,D,27,0.08,N_TM104,15
0,B,B,27250,77.18,N_TM105,15
1,D,B,3518,9.96,N_TM105,15
2,M,M,2412,6.83,N_TM105,15
3,B,M,575,1.63,N_TM105,15
4,B,D,521,1.48,N_TM105,15
5,MC,MC,425,1.2,N_TM105,15
6,D,D,222,0.63,N_TM105,15
7,D,M,146,0.41,N_TM105,15
8,MC,M,125,0.35,N_TM105,15
9,M,D,64,0.18,N_TM105,15
10,M,B,36,0.1,N_TM105,15
11,MC,D,15,0.04,N_TM105,15
0,B,B,24686,71.8,N_TM106,15
1,D,B,6358,18.49,N_TM106,15
2,M,M,1920,5.58,N_TM106,15
3,B,D,457,1.33,N_TM106,15
4,M,B,365,1.06,N_TM106,15
5,B,M,272,0.79,N_TM106,15
6,D,D,228,0.66,N_TM106,15
7,M,D,67,0.19,N_TM106,15
8,D,M,27,0.08,N_TM106,15
0,B,B,23878,89.52,N_TM107,15
1,B,M,958,3.59,N_TM107,15
2,D,B,705,2.64,N_TM107,15
3,B,D,381,1.43,N_TM107,15
4,M,M,371,1.39,N_TM107,15
5,D,D,268,1.0,N_TM107,15
6,M,B,57,0.21,N_TM107,15
7,D,M,46,0.17,N_TM107,15
8,M,D,10,0.04,N_TM107,15
0,B,B,22529,84.63,N_TM108,15
1,B,M,1989,7.47,N_TM108,15
2,D,B,861,3.23,N_TM108,15
3,M,M,421,1.58,N_TM108,15
4,B,D,411,1.54,N_TM108,15
5,D,M,205,0.77,N_TM108,15
6,D,D,151,0.57,N_TM108,15
7,M,B,36,0.14,N_TM108,15
8,M,D,18,0.07,N_TM108,15
0,B,B,22979,86.06,N_TM109,15
1,B,M,1553,5.82,N_TM109,15
2,M,M,774,2.9,N_TM109,15
3,D,B,630,2.36,N_TM109,15
4,B,D,410,1.54,N_TM109,15
5,D,D,214,0.8,N_TM109,15
6,M,B,64,0.24,N_TM109,15
7,D,M,50,0.19,N_TM109,15
8,M,D,27,0.1,N_TM109,15
0,B,B,48696,100.0,N_PT101,15
1,MC,MC,1,0.0,N_PT101,15
0,B,B,26554,100.0,N_PT102,15
0,B,B,26582,100.0,N_PT103,15
1,MC,MC,1,0.0,N_PT103,15
